country,Date,total_cases,new_cases,total_deaths,new_deaths,reproduction_rate,icu_patients,hosp_patients,weekly_icu_admissions,weekly_hosp_admissions,new_tests,total_tests,positive_rate,tests_per_case,tests_units,total_vaccinations,people_vaccinated,people_fully_vaccinated,new_vaccinations,female_smokers,male_smokers,hospital_beds_per_thousand
USA,2020/1/22,1,,,,,,,,,,,,,,,,,,19.1,24.6,2.77
USA,2020/1/23,1,0,,,,,,,,,,,,,,,,,19.1,24.6,2.77
USA,2020/1/24,2,1,,,,,,,,,,,,,,,,,19.1,24.6,2.77
USA,2020/1/25,2,0,,,,,,,,,,,,,,,,,19.1,24.6,2.77
USA,2020/1/26,5,3,,,,,,,,,,,,,,,,,19.1,24.6,2.77
USA,2020/1/27,5,0,,,,,,,,,,,,,,,,,19.1,24.6,2.77
USA,2020/1/28,5,0,,,,,,,,,,,,,,,,,19.1,24.6,2.77
USA,2020/1/29,6,1,,,,,,,,,,,,,,,,,19.1,24.6,2.77
USA,2020/1/30,6,0,,,,,,,,,,,,,,,,,19.1,24.6,2.77
USA,2020/1/31,8,2,,,,,,,,,,,,,,,,,19.1,24.6,2.77
USA,2020/2/1,8,0,,,,,,,,,,,,,,,,,19.1,24.6,2.77
USA,2020/2/2,8,0,,,,,,,,,,,,,,,,,19.1,24.6,2.77
USA,2020/2/3,11,3,,,,,,,,,,,,,,,,,19.1,24.6,2.77
USA,2020/2/4,11,0,,,,,,,,,,,,,,,,,19.1,24.6,2.77
USA,2020/2/5,11,0,,,,,,,,,,,,,,,,,19.1,24.6,2.77
USA,2020/2/6,12,1,,,,,,,,,,,,,,,,,19.1,24.6,2.77
USA,2020/2/7,12,0,,,,,,,,,,,,,,,,,19.1,24.6,2.77
USA,2020/2/8,12,0,,,,,,,,,,,,,,,,,19.1,24.6,2.77
USA,2020/2/9,12,0,,,,,,,,,,,,,,,,,19.1,24.6,2.77
USA,2020/2/10,12,0,,,,,,,,,,,,,,,,,19.1,24.6,2.77
USA,2020/2/11,13,1,,,,,,,,,,,,,,,,,19.1,24.6,2.77
USA,2020/2/12,13,0,,,,,,,,,,,,,,,,,19.1,24.6,2.77
USA,2020/2/13,14,1,,,,,,,,,,,,,,,,,19.1,24.6,2.77
USA,2020/2/14,14,0,,,,,,,,,,,,,,,,,19.1,24.6,2.77
USA,2020/2/15,14,0,,,,,,,,,,,,,,,,,19.1,24.6,2.77
USA,2020/2/16,14,0,,,,,,,,,,,,,,,,,19.1,24.6,2.77
USA,2020/2/17,14,0,,,,,,,,,,,,,,,,,19.1,24.6,2.77
USA,2020/2/18,14,0,,,,,,,,,,,,,,,,,19.1,24.6,2.77
USA,2020/2/19,14,0,,,,,,,,,,,,,,,,,19.1,24.6,2.77
USA,2020/2/20,14,0,,,,,,,,,,,,,,,,,19.1,24.6,2.77
USA,2020/2/21,16,2,,,,,,,,,,,,,,,,,19.1,24.6,2.77
USA,2020/2/22,16,0,,,,,,,,,,,,,,,,,19.1,24.6,2.77
USA,2020/2/23,16,0,,,,,,,,,,,,,,,,,19.1,24.6,2.77
USA,2020/2/24,16,0,,,,,,,,,,,,,,,,,19.1,24.6,2.77
USA,2020/2/25,16,0,,,,,,,,,,,,,,,,,19.1,24.6,2.77
USA,2020/2/26,16,0,,,,,,,,,,,,,,,,,19.1,24.6,2.77
USA,2020/2/27,17,1,,,,,,,,,,,,,,,,,19.1,24.6,2.77
USA,2020/2/28,17,0,,,,,,,,,,,,,,,,,19.1,24.6,2.77
USA,2020/2/29,25,8,1,1,,,,,,,,,,,,,,,19.1,24.6,2.77
USA,2020/3/1,32,7,1,0,,,,,,183,183,,,tests performed,,,,,19.1,24.6,2.77
USA,2020/3/2,55,23,6,5,,,,,,455,638,,,tests performed,,,,,19.1,24.6,2.77
USA,2020/3/3,74,19,7,1,,,,,,810,1448,,,tests performed,,,,,19.1,24.6,2.77
USA,2020/3/4,107,33,11,4,,,,,,896,2344,,,tests performed,,,,,19.1,24.6,2.77
USA,2020/3/5,184,77,12,1,3.72,,,,,1150,3494,,,tests performed,,,,,19.1,24.6,2.77
USA,2020/3/6,237,53,14,2,3.6,,,,,1512,5006,,,tests performed,,,,,19.1,24.6,2.77
USA,2020/3/7,403,166,17,3,3.61,,,,,1797,6803,0.118,8.5,tests performed,,,,,19.1,24.6,2.77
USA,2020/3/8,519,116,21,4,3.42,,,0,6,1587,8390,,,tests performed,,,,,19.1,24.6,2.77
USA,2020/3/9,594,75,22,1,3.31,,,,,2239,10629,,,tests performed,,,,,19.1,24.6,2.77
USA,2020/3/10,782,188,28,6,3.39,,,,,3229,13858,,,tests performed,,,,,19.1,24.6,2.77
USA,2020/3/11,1147,365,33,5,3.48,,,,,4560,18418,,,tests performed,,,,,19.1,24.6,2.77
USA,2020/3/12,1586,439,43,10,3.48,,,,,8607,27025,,,tests performed,,,,,19.1,24.6,2.77
USA,2020/3/13,2219,633,51,8,3.45,,,,,11411,38436,,,tests performed,,,,,19.1,24.6,2.77
USA,2020/3/14,2978,759,58,7,3.39,,,,,12817,51253,0.095,10.5,tests performed,,,,,19.1,24.6,2.77
USA,2020/3/15,3212,234,70,12,3.34,,,0,31,14253,65506,,,tests performed,,,,,19.1,24.6,2.77
USA,2020/3/16,4679,1467,97,27,3.52,,,,,26925,92431,,,tests performed,,,,,19.1,24.6,2.77
USA,2020/3/17,6512,1833,134,37,3.58,,325,,,39547,131978,,,tests performed,,,,,19.1,24.6,2.77
USA,2020/3/18,9169,2657,194,60,3.6,,416,,,49994,181972,,,tests performed,,,,,19.1,24.6,2.77
USA,2020/3/19,13663,4494,266,72,3.58,,617,,,59754,241726,,,tests performed,,,,,19.1,24.6,2.77
USA,2020/3/20,20030,6367,372,106,3.46,,1042,,,74662,316388,,,tests performed,,,,,19.1,24.6,2.77
USA,2020/3/21,26025,5995,475,103,3.26,,1492,,,74781,391169,0.09,11.1,tests performed,,,,,19.1,24.6,2.77
USA,2020/3/22,34898,8873,588,113,3.1,,2173,0,2946,72752,463921,,,tests performed,,,,,19.1,24.6,2.77
USA,2020/3/23,46136,11238,779,191,2.93,,2812,,,77222,541143,,,tests performed,,,,,19.1,24.6,2.77
USA,2020/3/24,56755,10619,1020,241,2.74,,3938,,,101979,643122,,,tests performed,,,,,19.1,24.6,2.77
USA,2020/3/25,68837,12082,1350,330,2.59,,5140,,,112419,755541,,,tests performed,,,,,19.1,24.6,2.77
USA,2020/3/26,86693,17856,1767,417,2.48,1299,7805,,,127457,882998,,,tests performed,,,,,19.1,24.6,2.77
USA,2020/3/27,105383,18690,2283,516,2.34,1792,10887,,,132924,1015922,,,tests performed,,,,,19.1,24.6,2.77
USA,2020/3/28,125013,19630,2920,637,2.21,2174,12393,,,118883,1134805,0.131,7.6,tests performed,,,,,19.1,24.6,2.77
USA,2020/3/29,143912,18899,3528,608,2.09,2456,14055,82,14331,107716,1242521,,,tests performed,,,,,19.1,24.6,2.77
USA,2020/3/30,165987,22075,4237,709,2,3087,15892,,,119774,1362295,,,tests performed,,,,,19.1,24.6,2.77
USA,2020/3/31,192301,26314,5334,1097,1.93,3487,18155,,,139114,1501409,,,tests performed,,,,,19.1,24.6,2.77
USA,2020/4/1,224544,32243,6649,1315,1.86,3937,20906,,,150113,1651522,,,tests performed,,,,,19.1,24.6,2.77
USA,2020/4/2,256779,32235,8156,1507,1.76,4513,22995,,,159149,1810671,,,tests performed,,,,,19.1,24.6,2.77
USA,2020/4/3,289066,32287,9585,1429,1.67,4928,25723,,,166227,1976898,,,tests performed,,,,,19.1,24.6,2.77
USA,2020/4/4,321482,32416,11151,1566,1.57,5500,30456,,,145011,2121909,0.221,4.5,tests performed,,,,,19.1,24.6,2.77
USA,2020/4/5,351359,29877,12775,1624,1.48,5811,32180,453,28347,137966,2259875,,,tests performed,,,,,19.1,24.6,2.77
USA,2020/4/6,382740,31381,14542,1767,1.41,7079,36159,,,139508,2399383,,,tests performed,,,,,19.1,24.6,2.77
USA,2020/4/7,413507,30767,17121,2579,1.35,9978,43849,,,176232,2575615,,,tests performed,,,,,19.1,24.6,2.77
USA,2020/4/8,444699,31192,19272,2151,1.29,10276,45359,,,164839,2740454,,,tests performed,,,,,19.1,24.6,2.77
USA,2020/4/9,480640,35941,21488,2216,1.25,12445,51323,,,170766,2911220,,,tests performed,,,,,19.1,24.6,2.77
USA,2020/4/10,515055,34415,23705,2217,1.2,12693,53167,,,175332,3086552,,,tests performed,,,,,19.1,24.6,2.77
USA,2020/4/11,544185,29130,25810,2105,1.14,13293,55563,,,211743,3298295,0.217,4.6,tests performed,,,,,19.1,24.6,2.77
USA,2020/4/12,571440,27255,27679,1869,1.1,13597,55294,840,26077,110320,3408615,,,tests performed,,,,,19.1,24.6,2.77
USA,2020/4/13,598370,26930,29684,2005,1.07,13605,56211,,,113001,3521616,,,tests performed,,,,,19.1,24.6,2.77
USA,2020/4/14,627151,28781,32129,2445,1.06,14047,59610,,,160653,3682269,,,tests performed,,,,,19.1,24.6,2.77
USA,2020/4/15,652591,25440,34725,2596,1.04,14639,59930,,,170969,3853238,,,tests performed,,,,,19.1,24.6,2.77
USA,2020/4/16,682626,30035,36878,2153,1.04,15136,59496,,,180510,4033748,,,tests performed,,,,,19.1,24.6,2.77
USA,2020/4/17,715656,33030,38995,2117,1.04,14910,58892,,,194620,4228368,,,tests performed,,,,,19.1,24.6,2.77
USA,2020/4/18,743588,27932,40987,1992,1.02,14764,57799,,,164116,4392484,0.19,5.3,tests performed,,,,,19.1,24.6,2.77
USA,2020/4/19,769684,26096,42967,1980,1.01,14385,56497,696,23320,133890,4526374,,,tests performed,,,,,19.1,24.6,2.77
USA,2020/4/20,799512,29828,45199,2232,1.01,14463,56721,,,156702,4683076,,,tests performed,,,,,19.1,24.6,2.77
USA,2020/4/21,825429,25917,47718,2519,1.01,14945,59779,,,226356,4909432,,,tests performed,,,,,19.1,24.6,2.77
USA,2020/4/22,854288,28859,50165,2447,1.02,15016,59207,,,231696,5141128,,,tests performed,,,,,19.1,24.6,2.77
USA,2020/4/23,887858,33570,52631,2466,1.02,14737,59214,,,228668,5369796,,,tests performed,,,,,19.1,24.6,2.77
USA,2020/4/24,920185,32327,54824,2193,1.01,14623,57370,,,262926,5632722,,,tests performed,,,,,19.1,24.6,2.77
USA,2020/4/25,950580,30395,56537,1713,0.99,14411,57340,,,216038,5848760,0.157,6.4,tests performed,,,,,19.1,24.6,2.77
USA,2020/4/26,977081,26501,57931,1394,0.97,14093,56161,426,17851,169294,6018054,,,tests performed,,,,,19.1,24.6,2.77
USA,2020/4/27,1000784,23703,59448,1517,0.96,13812,56183,,,225066,6243120,,,tests performed,,,,,19.1,24.6,2.77
USA,2020/4/28,1025361,24577,61668,2220,0.96,13562,56034,,,267250,6510370,,,tests performed,,,,,19.1,24.6,2.77
USA,2020/4/29,1051799,26438,64078,2410,0.97,13550,56009,,,291658,6802028,,,tests performed,,,,,19.1,24.6,2.77
USA,2020/4/30,1081019,29220,66366,2288,0.98,13246,54905,,,318937,7120965,,,tests performed,,,,,19.1,24.6,2.77
USA,2020/5/1,1115945,34926,68265,1899,0.98,12861,54897,,,333005,7453970,,,tests performed,,,,,19.1,24.6,2.77
USA,2020/5/2,1143295,27350,69988,1723,0.96,12904,54008,,,265561,7719531,0.128,7.8,tests performed,,,,,19.1,24.6,2.77
USA,2020/5/3,1167592,24297,71166,1178,0.94,12724,52623,1931,23311,214248,7933779,,,tests performed,,,,,19.1,24.6,2.77
USA,2020/5/4,1191677,24085,72531,1365,0.93,12701,52375,,,247512,8181291,,,tests performed,,,,,19.1,24.6,2.77
USA,2020/5/5,1216208,24531,74765,2234,0.93,12620,53164,,,317703,8498994,,,tests performed,,,,,19.1,24.6,2.77
USA,2020/5/6,1240767,24559,77057,2292,0.93,12480,52609,,,355514,8854508,,,tests performed,,,,,19.1,24.6,2.77
USA,2020/5/7,1268179,27412,78979,1922,0.93,12135,51445,,,360889,9215397,,,tests performed,,,,,19.1,24.6,2.77
USA,2020/5/8,1295017,26838,80727,1748,0.93,11786,49770,,,396525,9611922,,,tests performed,,,,,19.1,24.6,2.77
USA,2020/5/9,1320153,25136,82268,1541,0.91,11504,48581,,,325962,9937884,0.1,10,tests performed,,,,,19.1,24.6,2.77
USA,2020/5/10,1339020,18867,83241,973,0.9,11382,46735,1943,18995,242833,10180717,,,tests performed,,,,,19.1,24.6,2.77
USA,2020/5/11,1358291,19271,84273,1032,0.9,11153,46550,,,315420,10496137,,,tests performed,,,,,19.1,24.6,2.77
USA,2020/5/12,1381238,22947,85858,1585,0.91,11241,47343,,,413772,10909909,,,tests performed,,,,,19.1,24.6,2.77
USA,2020/5/13,1401646,20408,87587,1729,0.92,10991,46921,,,448249,11358158,,,tests performed,,,,,19.1,24.6,2.77
USA,2020/5/14,1428464,26818,89363,1776,0.94,10655,45923,,,450440,11808598,,,tests performed,,,,,19.1,24.6,2.77
USA,2020/5/15,1453211,24747,91024,1661,0.95,10476,44553,,,448490,12257088,,,tests performed,,,,,19.1,24.6,2.77
USA,2020/5/16,1477370,24159,92286,1262,0.94,10276,43515,,,359806,12616894,0.078,12.8,tests performed,,,,,19.1,24.6,2.77
USA,2020/5/17,1495733,18363,93104,818,0.93,9945,42019,558,12050,302356,12919250,,,tests performed,,,,,19.1,24.6,2.77
USA,2020/5/18,1518123,22390,94317,1213,0.94,9748,41940,,,348748,13267998,,,tests performed,,,,,19.1,24.6,2.77
USA,2020/5/19,1539130,21007,95768,1451,0.95,9598,42023,,,427578,13695576,,,tests performed,,,,,19.1,24.6,2.77
USA,2020/5/20,1561827,22697,97250,1482,0.96,9522,41856,,,457268,14152844,,,tests performed,,,,,19.1,24.6,2.77
USA,2020/5/21,1587593,25766,98432,1182,0.96,9092,41359,,,457962,14610806,,,tests performed,,,,,19.1,24.6,2.77
USA,2020/5/22,1611249,23656,99674,1242,0.96,9042,40008,,,486841,15097647,,,tests performed,,,,,19.1,24.6,2.77
USA,2020/5/23,1632361,21112,100787,1113,0.94,8739,38625,,,385456,15483103,0.069,14.5,tests performed,,,,,19.1,24.6,2.77
USA,2020/5/24,1652428,20067,101421,634,0.93,8491,37742,798,15345,342284,15825387,,,tests performed,,,,,19.1,24.6,2.77
USA,2020/5/25,1671100,18672,102004,583,0.93,8467,37703,,,336612,16161999,,,tests performed,,,,,19.1,24.6,2.77
USA,2020/5/26,1690750,19650,102682,678,0.94,8580,37751,,,457732,16619731,,,tests performed,,,,,19.1,24.6,2.77
USA,2020/5/27,1709299,18549,104154,1472,0.95,8552,38300,,,559928,17179659,,,tests performed,,,,,19.1,24.6,2.77
USA,2020/5/28,1731621,22322,105279,1125,0.97,8392,38000,,,536676,17716335,,,tests performed,,,,,19.1,24.6,2.77
USA,2020/5/29,1756093,24472,106421,1142,0.98,8170,36942,,,539519,18255854,,,tests performed,,,,,19.1,24.6,2.77
USA,2020/5/30,1779726,23633,107382,961,0.98,7960,35759,,,456016,18711870,0.065,15.4,tests performed,,,,,19.1,24.6,2.77
USA,2020/5/31,1798713,18987,108107,725,0.96,7625,34925,644,25227,372941,19084811,,,tests performed,,,,,19.1,24.6,2.77
USA,2020/6/1,1816148,17435,108881,774,0.96,7592,34325,,,437432,19522243,,,tests performed,,,,,19.1,24.6,2.77
USA,2020/6/2,1837651,21503,109855,974,0.97,7410,33956,,,524065,20046308,,,tests performed,,,,,19.1,24.6,2.77
USA,2020/6/3,1857495,19844,110861,1006,0.98,7229,33227,,,590744,20637052,,,tests performed,,,,,19.1,24.6,2.77
USA,2020/6/4,1879144,21649,111863,1002,0.99,7044,32802,,,623289,21260341,,,tests performed,,,,,19.1,24.6,2.77
USA,2020/6/5,1904544,25400,112745,882,1,6921,32502,,,576012,21836353,,,tests performed,,,,,19.1,24.6,2.77
USA,2020/6/6,1925704,21160,113433,688,0.99,6762,31994,,,467158,22303511,0.062,16.1,tests performed,,,,,19.1,24.6,2.77
USA,2020/6/7,1943620,17916,113888,455,0.98,6501,31490,512,7048,406538,22710049,,,tests performed,,,,,19.1,24.6,2.77
USA,2020/6/8,1961257,17637,114396,508,0.98,6398,31105,,,450600,23160649,,,tests performed,,,,,19.1,24.6,2.77
USA,2020/6/9,1979639,18382,115313,917,1,6453,31179,,,560883,23721532,,,tests performed,,,,,19.1,24.6,2.77
USA,2020/6/10,2000749,21110,116183,870,1.03,6256,30961,,,628710,24350242,,,tests performed,,,,,19.1,24.6,2.77
USA,2020/6/11,2023881,23132,117013,830,1.06,6075,29850,,,610746,24960988,,,tests performed,,,,,19.1,24.6,2.77
USA,2020/6/12,2048746,24865,117843,830,1.08,6009,29306,,,616203,25577191,,,tests performed,,,,,19.1,24.6,2.77
USA,2020/6/13,2073954,25208,118587,744,1.08,5883,28578,,,530547,26107738,0.066,15.2,tests performed,,,,,19.1,24.6,2.77
USA,2020/6/14,2092902,18948,118928,341,1.08,5749,28020,509,8055,412876,26520614,,,tests performed,,,,,19.1,24.6,2.77
USA,2020/6/15,2112721,19819,119323,395,1.1,5700,28034,,,505676,27026290,,,tests performed,,,,,19.1,24.6,2.77
USA,2020/6/16,2136391,23670,120132,809,1.13,5570,28370,,,673598,27699888,,,tests performed,,,,,19.1,24.6,2.77
USA,2020/6/17,2163449,27058,120867,735,1.17,5608,28647,,,706235,28406123,,,tests performed,,,,,19.1,24.6,2.77
USA,2020/6/18,2191971,28522,121558,691,1.2,5472,28538,,,701695,29107818,,,tests performed,,,,,19.1,24.6,2.77
USA,2020/6/19,2223531,31560,122196,638,1.22,5337,28693,,,704807,29812625,,,tests performed,,,,,19.1,24.6,2.77
USA,2020/6/20,2255800,32269,122770,574,1.23,5229,28084,,,584323,30396948,0.083,12,tests performed,,,,,19.1,24.6,2.77
USA,2020/6/21,2280946,25146,123084,314,1.23,5195,28325,478,6829,424470,30821418,,,tests performed,,,,,19.1,24.6,2.77
USA,2020/6/22,2313093,32147,123495,411,1.25,5325,28963,,,543472,31364890,,,tests performed,,,,,19.1,24.6,2.77
USA,2020/6/23,2350156,37063,124241,746,1.27,5392,30355,,,701510,32066400,,,tests performed,,,,,19.1,24.6,2.77
USA,2020/6/24,2386014,35858,124992,751,1.29,5292,31270,,,767076,32833476,,,tests performed,,,,,19.1,24.6,2.77
USA,2020/6/25,2426329,40315,125534,542,1.3,5319,31922,,,774473,33607949,,,tests performed,,,,,19.1,24.6,2.77
USA,2020/6/26,2472311,45982,126169,635,1.3,5290,31850,,,807394,34415343,,,tests performed,,,,,19.1,24.6,2.77
USA,2020/6/27,2513651,41340,126671,502,1.28,5314,32566,,,694338,35109681,0.097,10.3,tests performed,,,,,19.1,24.6,2.77
USA,2020/6/28,2554376,40725,126986,315,1.27,5252,32575,529,7784,565802,35675483,,,tests performed,,,,,19.1,24.6,2.77
USA,2020/6/29,2595655,41279,127389,403,1.27,5389,33742,,,660030,36335513,,,tests performed,,,,,19.1,24.6,2.77
USA,2020/6/30,2642081,46426,127980,591,1.27,5426,35337,,,853029,37188542,,,tests performed,,,,,19.1,24.6,2.77
USA,2020/7/1,2693890,51809,128689,709,1.27,5492,36526,,,877589,38066131,,,tests performed,,,,,19.1,24.6,2.77
USA,2020/7/2,2750517,56627,129432,743,1.26,5636,37646,,,849225,38915356,,,tests performed,,,,,19.1,24.6,2.77
USA,2020/7/3,2801874,51357,130071,639,1.24,5597,37927,,,788403,39703759,,,tests performed,,,,,19.1,24.6,2.77
USA,2020/7/4,2847553,45679,130379,308,1.22,5633,38281,,,608220,40311979,0.099,10.1,tests performed,,,,,19.1,24.6,2.77
USA,2020/7/5,2898322,50769,130704,325,1.21,5653,38872,537,8142,516998,40828977,,,tests performed,,,,,19.1,24.6,2.77
USA,2020/7/6,2941394,43072,131075,371,1.2,5678,39960,,,714279,41543256,,,tests performed,,,,,19.1,24.6,2.77
USA,2020/7/7,3002036,60642,132238,1163,1.22,5838,41949,,,885632,42428888,,,tests performed,,,,,19.1,24.6,2.77
USA,2020/7/8,3062146,60110,133079,841,1.22,5872,43207,,,968355,43397243,,,tests performed,,,,,19.1,24.6,2.77
USA,2020/7/9,3124633,62487,134106,1027,1.22,5843,44051,,,992521,44389764,,,tests performed,,,,,19.1,24.6,2.77
USA,2020/7/10,3192672,68039,134916,810,1.21,5899,51724,,,997028,45386792,,,tests performed,,,,,19.1,24.6,2.77
USA,2020/7/11,3252687,60015,135649,733,1.18,5939,51982,,,828152,46214944,0.1,10,tests performed,,,,,19.1,24.6,2.77
USA,2020/7/12,3311137,58450,136119,470,1.17,5930,52860,669,14467,681562,46896506,,,tests performed,,,,,19.1,24.6,2.77
USA,2020/7/13,3370026,58889,136564,445,1.16,6063,54118,,,852276,47748782,,,tests performed,,,,,19.1,24.6,2.77
USA,2020/7/14,3438038,68012,137491,927,1.16,6238,55678,,,991211,48739993,,,tests performed,,,,,19.1,24.6,2.77
USA,2020/7/15,3506145,68107,138466,975,1.15,6328,56340,,,1026233,49766226,,,tests performed,,,,,19.1,24.6,2.77
USA,2020/7/16,3581954,75809,139422,956,1.14,6349,57602,,,1009961,50776187,,,tests performed,,,,,19.1,24.6,2.77
USA,2020/7/17,3654203,72249,140355,933,1.12,6451,57871,,,1034245,51810432,,,tests performed,,,,,19.1,24.6,2.77
USA,2020/7/18,3716740,62537,141225,870,1.09,6397,57822,,,895310,52705742,0.089,11.2,tests performed,,,,,19.1,24.6,2.77
USA,2020/7/19,3777211,60471,141691,466,1.07,6384,58052,714,13329,706258,53412000,,,tests performed,,,,,19.1,24.6,2.77
USA,2020/7/20,3839293,62082,142256,565,1.06,6551,58518,,,889638,54301638,,,tests performed,,,,,19.1,24.6,2.77
USA,2020/7/21,3903780,64487,143352,1096,1.06,6717,59476,,,1013137,55314775,,,tests performed,,,,,19.1,24.6,2.77
USA,2020/7/22,3974341,70561,144578,1226,1.05,10460,59758,,,1092786,56407561,,,tests performed,,,,,19.1,24.6,2.77
USA,2020/7/23,4042769,68428,145671,1093,1.05,10423,59860,,,1063618,57471179,,,tests performed,,,,,19.1,24.6,2.77
USA,2020/7/24,4116070,73301,146774,1103,1.03,10389,59800,,,1052593,58523772,,,tests performed,,,,,19.1,24.6,2.77
USA,2020/7/25,4180969,64899,147689,915,1.01,10380,59382,,,861135,59384907,0.084,11.9,tests performed,,,,,19.1,24.6,2.77
USA,2020/7/26,4235816,54847,148223,534,0.99,10353,58731,950,14988,661736,60046643,,,tests performed,,,,,19.1,24.6,2.77
USA,2020/7/27,4292554,56738,149348,1125,0.99,10328,58987,,,780279,60826922,,,tests performed,,,,,19.1,24.6,2.77
USA,2020/7/28,4359003,66449,150692,1344,0.99,10463,57185,,,943597,61770519,,,tests performed,,,,,19.1,24.6,2.77
USA,2020/7/29,4430816,71813,152125,1433,0.99,10535,57422,,,1018413,62788932,,,tests performed,,,,,19.1,24.6,2.77
USA,2020/7/30,4498234,67418,153353,1228,0.98,10519,56571,,,1030178,63819110,,,tests performed,,,,,19.1,24.6,2.77
USA,2020/7/31,4566931,68697,154585,1232,0.96,10473,55721,,,975611,64794721,,,tests performed,,,,,19.1,24.6,2.77
USA,2020/8/1,4623105,56174,155669,1084,0.93,10450,54554,,,778710,65573431,0.074,13.5,tests performed,,,,,19.1,24.6,2.77
USA,2020/8/2,4668652,45547,156098,429,0.91,10415,54106,945,17599,607325,66180756,,,tests performed,,,,,19.1,24.6,2.77
USA,2020/8/3,4714173,45521,156679,581,0.91,10233,53517,,,749430,66930186,,,tests performed,,,,,19.1,24.6,2.77
USA,2020/8/4,4772945,58772,158019,1340,0.92,10207,53436,,,859690,67789876,,,tests performed,,,,,19.1,24.6,2.77
USA,2020/8/5,4827393,54448,159415,1396,0.92,9988,53435,,,940569,68730445,,,tests performed,,,,,19.1,24.6,2.77
USA,2020/8/6,4886727,59334,160654,1239,0.93,9996,53219,,,966145,69696590,,,tests performed,,,,,19.1,24.6,2.77
USA,2020/8/7,4945996,59269,161885,1231,0.93,9698,51327,,,992612,70689202,,,tests performed,,,,,19.1,24.6,2.77
USA,2020/8/8,5000107,54111,162965,1080,0.92,9662,50071,,,793151,71482353,0.067,14.9,tests performed,,,,,19.1,24.6,2.77
USA,2020/8/9,5045855,45748,163528,563,0.91,9307,48997,793,21064,617981,72100334,,,tests performed,,,,,19.1,24.6,2.77
USA,2020/8/10,5093475,47620,164120,592,0.91,9209,48751,,,762204,72862538,,,tests performed,,,,,19.1,24.6,2.77
USA,2020/8/11,5141430,47955,165140,1020,0.92,9135,48600,,,882516,73745054,,,tests performed,,,,,19.1,24.6,2.77
USA,2020/8/12,5197413,55983,166644,1504,0.93,9564,48067,,,997889,74742943,,,tests performed,,,,,19.1,24.6,2.77
USA,2020/8/13,5248690,51277,167710,1066,0.93,9480,47303,,,957911,75700854,,,tests performed,,,,,19.1,24.6,2.77
USA,2020/8/14,5314012,65322,169049,1339,0.93,9277,45868,,,947017,76647871,,,tests performed,,,,,19.1,24.6,2.77
USA,2020/8/15,5360914,46902,170057,1008,0.9,9087,44922,,,753674,77401545,0.06,16.7,tests performed,,,,,19.1,24.6,2.77
USA,2020/8/16,5400103,39189,170662,605,0.88,8958,44155,843,14541,553835,77955380,,,tests performed,,,,,19.1,24.6,2.77
USA,2020/8/17,5436757,36654,171152,490,0.88,8881,43614,,,659191,78614571,,,tests performed,,,,,19.1,24.6,2.77
USA,2020/8/18,5481755,44998,172425,1273,0.89,8859,43840,,,881805,79496376,,,tests performed,,,,,19.1,24.6,2.77
USA,2020/8/19,5529102,47347,173731,1306,0.9,8747,43406,,,978197,80474573,,,tests performed,,,,,19.1,24.6,2.77
USA,2020/8/20,5572890,43788,174824,1093,0.9,8486,42109,,,975169,81449742,,,tests performed,,,,,19.1,24.6,2.77
USA,2020/8/21,5621596,48706,175913,1089,0.9,8358,41049,,,940973,82390715,,,tests performed,,,,,19.1,24.6,2.77
USA,2020/8/22,5664641,43045,176900,987,0.9,8207,40017,,,777857,83168572,0.054,18.5,tests performed,,,,,19.1,24.6,2.77
USA,2020/8/23,5698902,34261,177397,497,0.89,7949,39064,773,11535,549441,83718013,,,tests performed,,,,,19.1,24.6,2.77
USA,2020/8/24,5735502,36600,177871,474,0.9,7854,38806,,,650433,84368446,,,tests performed,,,,,19.1,24.6,2.77
USA,2020/8/25,5775618,40116,179099,1228,0.92,7854,38831,,,881948,85250394,,,tests performed,,,,,19.1,24.6,2.77
USA,2020/8/26,5820908,45290,180288,1189,0.93,7742,38515,,,993184,86243578,,,tests performed,,,,,19.1,24.6,2.77
USA,2020/8/27,5866093,45185,181389,1101,0.94,7712,37498,,,994197,87237775,,,tests performed,,,,,19.1,24.6,2.77
USA,2020/8/28,5913046,46953,182352,963,0.95,7564,37356,,,961258,88199033,,,tests performed,,,,,19.1,24.6,2.77
USA,2020/8/29,5955722,42676,183254,902,0.94,7413,36516,,,781286,88980319,0.056,17.9,tests performed,,,,,19.1,24.6,2.77
USA,2020/8/30,5990118,34396,183720,466,0.93,7268,35801,742,10080,608160,89588479,,,tests performed,,,,,19.1,24.6,2.77
USA,2020/8/31,6025593,35475,184290,570,0.93,7047,35453,,,650352,90238831,,,tests performed,,,,,19.1,24.6,2.77
USA,2020/9/1,6067260,41667,185337,1047,0.94,7084,35338,,,883753,91122584,,,tests performed,,,,,19.1,24.6,2.77
USA,2020/9/2,6108200,40940,186397,1060,0.95,7091,35660,,,995304,92117888,,,tests performed,,,,,19.1,24.6,2.77
USA,2020/9/3,6152285,44085,187429,1032,0.96,6923,34753,,,1008452,93126340,,,tests performed,,,,,19.1,24.6,2.77
USA,2020/9/4,6202700,50415,188377,948,0.96,6922,34177,,,1038342,94164682,,,tests performed,,,,,19.1,24.6,2.77
USA,2020/9/5,6245682,42982,189160,783,0.93,6766,33626,,,794645,94959327,0.053,18.9,tests performed,,,,,19.1,24.6,2.77
USA,2020/9/6,6276981,31299,189604,444,0.9,6700,32497,686,8507,557040,95516367,,,tests performed,,,,,19.1,24.6,2.77
USA,2020/9/7,6300449,23468,189903,299,0.89,6630,32116,,,404947,95921314,,,tests performed,,,,,19.1,24.6,2.77
USA,2020/9/8,6327884,27435,190355,452,0.9,6543,32339,,,644134,96565448,,,tests performed,,,,,19.1,24.6,2.77
USA,2020/9/9,6361638,33754,191507,1152,0.93,6659,32653,,,925023,97490471,,,tests performed,,,,,19.1,24.6,2.77
USA,2020/9/10,6397758,36120,192413,906,0.97,6522,32521,,,1059819,98550290,,,tests performed,,,,,19.1,24.6,2.77
USA,2020/9/11,6445407,47649,193587,1174,1,6376,31530,,,1072351,99622641,,,tests performed,,,,,19.1,24.6,2.77
USA,2020/9/12,6486484,41077,194310,723,1,6451,30758,,,847060,100469701,0.051,19.6,tests performed,,,,,19.1,24.6,2.77
USA,2020/9/13,6520750,34266,194738,428,1,6233,29921,567,8076,616907,101086608,,,tests performed,,,,,19.1,24.6,2.77
USA,2020/9/14,6555127,34377,195177,439,1.01,6249,30071,,,693631,101780239,,,tests performed,,,,,19.1,24.6,2.77
USA,2020/9/15,6594554,39427,196383,1206,1.03,6308,30427,,,965723,102745962,,,tests performed,,,,,19.1,24.6,2.77
USA,2020/9/16,6633389,38835,197331,948,1.05,6303,30345,,,1114609,103860571,,,tests performed,,,,,19.1,24.6,2.77
USA,2020/9/17,6678579,45190,198204,873,1.07,6285,30035,,,1123977,104984548,,,tests performed,,,,,19.1,24.6,2.77
USA,2020/9/18,6727725,49146,199112,908,1.07,6175,29651,,,1195408,106179956,,,tests performed,,,,,19.1,24.6,2.77
USA,2020/9/19,6769847,42122,199835,723,1.07,6163,29185,,,911992,107091948,0.05,20,tests performed,,,,,19.1,24.6,2.77
USA,2020/9/20,6808147,38300,200105,270,1.06,6100,28724,589,8405,609432,107701380,,,tests performed,,,,,19.1,24.6,2.77
USA,2020/9/21,6860061,51914,200542,437,1.06,6138,28849,,,729758,108431138,,,tests performed,,,,,19.1,24.6,2.77
USA,2020/9/22,6899723,39662,201577,1035,1.05,6188,29645,,,996264,109427402,,,tests performed,,,,,19.1,24.6,2.77
USA,2020/9/23,6938731,39008,202638,1061,1.04,6200,30015,,,1166263,110593665,,,tests performed,,,,,19.1,24.6,2.77
USA,2020/9/24,6985760,47029,203546,908,1.05,6274,30159,,,1166339,111760004,,,tests performed,,,,,19.1,24.6,2.77
USA,2020/9/25,7033944,48184,204479,933,1.04,6220,29888,,,1099037,112859041,,,tests performed,,,,,19.1,24.6,2.77
USA,2020/9/26,7078562,44618,205260,781,1.02,6143,29670,,,910239,113769280,0.052,19.2,tests performed,,,,,19.1,24.6,2.77
USA,2020/9/27,7116078,37516,205579,319,1.01,6170,29579,769,8696,583369,114352649,,,tests performed,,,,,19.1,24.6,2.77
USA,2020/9/28,7149281,33203,205938,359,1,6048,29696,,,650138,115002787,,,tests performed,,,,,19.1,24.6,2.77
USA,2020/9/29,7192498,43217,206803,865,1.02,6172,30601,,,965743,115968530,,,tests performed,,,,,19.1,24.6,2.77
USA,2020/9/30,7231832,39334,207741,938,1.03,6241,31021,,,1182907,117151437,,,tests performed,,,,,19.1,24.6,2.77
USA,2020/10/1,7277418,45586,208610,869,1.05,6262,30942,,,1187483,118338920,,,tests performed,,,,,19.1,24.6,2.77
USA,2020/10/2,7332238,54820,209465,855,1.07,6195,30880,,,1161163,119500083,,,tests performed,,,,,19.1,24.6,2.77
USA,2020/10/3,7380797,48559,210148,683,1.06,6073,30209,,,953867,120453950,0.053,18.9,tests performed,,,,,19.1,24.6,2.77
USA,2020/10/4,7416539,35742,210533,385,1.05,6056,30063,679,9423,633367,121087317,,,tests performed,,,,,19.1,24.6,2.77
USA,2020/10/5,7455962,39423,211017,484,1.06,6292,31426,,,791831,121879148,,,tests performed,,,,,19.1,24.6,2.77
USA,2020/10/6,7501009,45047,211711,694,1.08,6490,32726,,,1202857,123082005,,,tests performed,,,,,19.1,24.6,2.77
USA,2020/10/7,7551949,50940,212634,923,1.11,6591,33565,,,1373362,124455367,,,tests performed,,,,,19.1,24.6,2.77
USA,2020/10/8,7610451,58502,213622,988,1.12,6694,34446,,,1388843,125844210,,,tests performed,,,,,19.1,24.6,2.77
USA,2020/10/9,7666716,56265,214594,972,1.12,6775,34974,,,1357412,127201622,,,tests performed,,,,,19.1,24.6,2.77
USA,2020/10/10,7721622,54906,215248,654,1.11,6752,34700,,,1073925,128275547,0.056,17.9,tests performed,,,,,19.1,24.6,2.77
USA,2020/10/11,7767500,45878,215712,464,1.1,6749,34609,824,9169,734637,129010184,,,tests performed,,,,,19.1,24.6,2.77
USA,2020/10/12,7809362,41862,216105,393,1.1,6860,35148,,,788496,129798680,,,tests performed,,,,,19.1,24.6,2.77
USA,2020/10/13,7861469,52107,216902,797,1.12,7104,36171,,,1034065,130832745,,,tests performed,,,,,19.1,24.6,2.77
USA,2020/10/14,7921089,59620,217895,993,1.14,7236,37184,,,1197316,132030061,,,tests performed,,,,,19.1,24.6,2.77
USA,2020/10/15,7985864,64775,218757,862,1.16,7303,37423,,,1253358,133283419,,,tests performed,,,,,19.1,24.6,2.77
USA,2020/10/16,8054907,69043,219692,935,1.16,7333,37479,,,1289655,134573074,,,tests performed,,,,,19.1,24.6,2.77
USA,2020/10/17,8111563,56656,220464,772,1.15,7466,37474,,,1083482,135656556,0.066,15.2,tests performed,,,,,19.1,24.6,2.77
USA,2020/10/18,8160870,49307,220955,491,1.14,7383,36536,838,11836,752240,136408796,,,tests performed,,,,,19.1,24.6,2.77
USA,2020/10/19,8228585,67715,221440,485,1.16,8063,37976,,,844469,137253265,,,tests performed,,,,,19.1,24.6,2.77
USA,2020/10/20,8290408,61823,222376,936,1.16,8206,39391,,,1233581,138486846,,,tests performed,,,,,19.1,24.6,2.77
USA,2020/10/21,8353581,63173,223530,1154,1.18,8291,40397,,,1429706,139916552,,,tests performed,,,,,19.1,24.6,2.77
USA,2020/10/22,8429792,76211,224422,892,1.2,8180,41114,,,1486989,141403541,,,tests performed,,,,,19.1,24.6,2.77
USA,2020/10/23,8511514,81722,225385,963,1.2,8342,41614,,,1432869,142836410,,,tests performed,,,,,19.1,24.6,2.77
USA,2020/10/24,8594218,82704,226340,955,1.19,8675,42087,,,1139664,143976074,0.073,13.7,tests performed,,,,,19.1,24.6,2.77
USA,2020/10/25,8656238,62020,226799,459,1.17,8590,41883,1029,26498,772880,144748954,,,tests performed,,,,,19.1,24.6,2.77
USA,2020/10/26,8723553,67315,227340,541,1.18,8946,42988,,,926032,145674986,,,tests performed,,,,,19.1,24.6,2.77
USA,2020/10/27,8800136,76583,228315,975,1.19,8985,44391,,,1298974,146973960,,,tests performed,,,,,19.1,24.6,2.77
USA,2020/10/28,8879326,79190,229354,1039,1.21,9133,45214,,,1437877,148411837,,,tests performed,,,,,19.1,24.6,2.77
USA,2020/10/29,8970125,90799,230356,1002,1.23,9320,46191,,,1434580,149846417,,,tests performed,,,,,19.1,24.6,2.77
USA,2020/10/30,9069103,98978,231427,1071,1.25,9550,46880,,,1480082,151326499,,,tests performed,,,,,19.1,24.6,2.77
USA,2020/10/31,9158771,89668,232335,908,1.25,9613,47486,,,1195855,152522354,0.086,11.6,tests performed,,,,,19.1,24.6,2.77
USA,2020/11/1,9263564,104793,232831,496,1.26,9665,47615,1037,14454,879287,153401641,,,tests performed,,,,,19.1,24.6,2.77
USA,2020/11/2,9348673,85109,233407,576,1.26,9957,48750,,,988879,154390520,,,tests performed,,,,,19.1,24.6,2.77
USA,2020/11/3,9475593,126920,234987,1580,1.28,10538,50509,,,1326430,155716950,,,tests performed,,,,,19.1,24.6,2.77
USA,2020/11/4,9579978,104385,236111,1124,1.27,10892,52166,,,1577619,157294569,,,tests performed,,,,,19.1,24.6,2.77
USA,2020/11/5,9709076,129098,237269,1158,1.28,11050,53380,,,1640701,158935270,,,tests performed,,,,,19.1,24.6,2.77
USA,2020/11/6,9836826,127750,238503,1234,1.27,11213,55005,,,1626415,160561685,,,tests performed,,,,,19.1,24.6,2.77
USA,2020/11/7,9964034,127208,239580,1077,1.26,11215,56037,,,1415551,161977236,0.108,9.3,tests performed,,,,,19.1,24.6,2.77
USA,2020/11/8,10079115,115081,240151,571,1.25,11223,56942,1362,17123,982549,162959785,,,tests performed,,,,,19.1,24.6,2.77
USA,2020/11/9,10199575,120460,240939,788,1.25,11636,59342,,,1186233,164146018,,,tests performed,,,,,19.1,24.6,2.77
USA,2020/11/10,10339806,140231,242362,1423,1.26,12057,62119,,,1483328,165629346,,,tests performed,,,,,19.1,24.6,2.77
USA,2020/11/11,10486184,146378,243804,1442,1.26,12626,65549,,,1718167,167347513,,,tests performed,,,,,19.1,24.6,2.77
USA,2020/11/12,10650570,164386,245015,1211,1.27,12917,67236,,,1795308,169142821,,,tests performed,,,,,19.1,24.6,2.77
USA,2020/11/13,10830756,180186,246220,1205,1.26,13280,68585,,,1852138,170994959,,,tests performed,,,,,19.1,24.6,2.77
USA,2020/11/14,10998298,167542,247561,1341,1.23,13491,69588,,,1573250,172568209,0.12,8.3,tests performed,,,,,19.1,24.6,2.77
USA,2020/11/15,11134448,136150,248329,768,1.2,13849,70202,1450,22098,1176430,173744639,,,tests performed,,,,,19.1,24.6,2.77
USA,2020/11/16,11296951,162503,249174,845,1.19,14471,73320,,,1443878,175188517,,,tests performed,,,,,19.1,24.6,2.77
USA,2020/11/17,11460388,163437,250900,1726,1.19,15009,77047,,,1835922,177024439,,,tests performed,,,,,19.1,24.6,2.77
USA,2020/11/18,11633255,172867,252838,1938,1.18,15557,79478,,,2035846,179060285,,,tests performed,,,,,19.1,24.6,2.77
USA,2020/11/19,11824408,191153,254879,2041,1.17,15759,80669,,,2014389,181074674,,,tests performed,,,,,19.1,24.6,2.77
USA,2020/11/20,12022364,197956,256836,1957,1.15,16146,82318,,,2083045,183157719,,,tests performed,,,,,19.1,24.6,2.77
USA,2020/11/21,12201487,179123,258454,1618,1.12,16264,83346,,,1795462,184953181,0.107,9.3,tests performed,,,,,19.1,24.6,2.77
USA,2020/11/22,12348137,146650,259481,1027,1.1,16411,83882,1559,25171,1392194,186345375,,,tests performed,,,,,19.1,24.6,2.77
USA,2020/11/23,12522119,173982,260591,1110,1.08,17060,85945,,,1631681,187977056,,,tests performed,,,,,19.1,24.6,2.77
USA,2020/11/24,12697162,175043,262730,2139,1.07,17317,88132,,,1892909,189869965,,,tests performed,,,,,19.1,24.6,2.77
USA,2020/11/25,12879847,182685,265001,2271,1.06,17738,90043,,,2148495,192018460,,,tests performed,,,,,19.1,24.6,2.77
USA,2020/11/26,12991459,111612,266385,1384,1.04,18019,90564,,,1469694,193488154,,,tests performed,,,,,19.1,24.6,2.77
USA,2020/11/27,13199466,208007,267940,1555,1.06,18056,89913,,,1469927,194958081,,,tests performed,,,,,19.1,24.6,2.77
USA,2020/11/28,13354901,155435,269303,1363,1.05,18249,91762,,,1307829,196265910,0.121,8.3,tests performed,,,,,19.1,24.6,2.77
USA,2020/11/29,13494948,140047,270340,1037,1.05,18437,93357,1446,23723,1137911,197403821,,,tests performed,,,,,19.1,24.6,2.77
USA,2020/11/30,13655181,160233,271710,1370,1.08,18807,96134,,,1429316,198833137,,,tests performed,,,,,19.1,24.6,2.77
USA,2020/12/1,13842693,187512,274267,2557,1.1,19292,98736,,,1792773,200625910,,,tests performed,,,,,19.1,24.6,2.77
USA,2020/12/2,14044565,201872,277087,2820,1.13,19687,100327,,,2050731,202676641,,,tests performed,,,,,19.1,24.6,2.77
USA,2020/12/3,14266847,222282,280049,2962,1.14,19714,100746,,,2126837,204803478,,,tests performed,,,,,19.1,24.6,2.77
USA,2020/12/4,14498883,232036,282725,2676,1.14,19853,101309,,,2082113,206885591,,,tests performed,,,,,19.1,24.6,2.77
USA,2020/12/5,14713624,214741,285067,2342,1.13,19947,101192,,,1667198,208552789,0.135,7.4,tests performed,,,,,19.1,24.6,2.77
USA,2020/12/6,14894418,180794,286408,1341,1.11,20145,101501,1672,29395,1288021,209840810,,,tests performed,,,,,19.1,24.6,2.77
USA,2020/12/7,15089009,194591,288034,1626,1.11,20097,102122,,,1513358,211354168,,,tests performed,,,,,19.1,24.6,2.77
USA,2020/12/8,15312876,223867,290668,2634,1.11,20475,104637,,,1869515,213223683,,,tests performed,,,,,19.1,24.6,2.77
USA,2020/12/9,15534536,221660,293847,3179,1.11,20903,106671,,,2087433,215311116,,,tests performed,,,,,19.1,24.6,2.77
USA,2020/12/10,15765165,230629,296830,2983,1.1,21024,107300,,,2134814,217445930,,,tests performed,,,,,19.1,24.6,2.77
USA,2020/12/11,16003837,238672,300246,3416,1.09,21012,108101,,,2017572,219463502,,,tests performed,,,,,19.1,24.6,2.77
USA,2020/12/12,16220250,216413,302698,2452,1.06,21198,108461,,,1701071,221164573,0.129,7.8,tests performed,,,,,19.1,24.6,2.77
USA,2020/12/13,16407679,187429,304301,1603,1.05,21230,109298,1548,29135,1233477,222398050,,,tests performed,,,,,19.1,24.6,2.77
USA,2020/12/14,16600830,193151,305998,1697,1.04,21458,110573,,,1496326,223894376,,,tests performed,,,,,19.1,24.6,2.77
USA,2020/12/15,16810019,209189,309092,3094,1.04,21897,112816,,,1915492,225809868,,,tests performed,,,,,19.1,24.6,2.77
USA,2020/12/16,17055759,245740,312813,3721,1.05,21943,113257,,,2022903,227832771,,,tests performed,,,,,19.1,24.6,2.77
USA,2020/12/17,17294836,239077,316274,3461,1.04,21912,114492,,,1997561,229830332,,,tests performed,,,,,19.1,24.6,2.77
USA,2020/12/18,17545869,251033,319223,2949,1.03,21745,113955,,,1968515,231798847,,,tests performed,,,,,19.1,24.6,2.77
USA,2020/12/19,17737484,191615,321859,2636,1,21692,113914,,,1666637,233465484,0.125,8,tests performed,,,,,19.1,24.6,2.77
USA,2020/12/20,17925033,187549,323557,1698,0.98,21763,113601,1536,28859,1251125,234716609,,,tests performed,556208,556208,,,19.1,24.6,2.77
USA,2020/12/21,18123641,198608,325533,1976,0.97,21884,115358,,,1474617,236191226,,,tests performed,614117,614117,,57909,19.1,24.6,2.77
USA,2020/12/22,18320881,197240,328921,3388,0.96,22213,117777,,,1923276,238114502,,,tests performed,,,,,19.1,24.6,2.77
USA,2020/12/23,18549642,228761,332362,3441,0.96,22489,119463,,,2188509,240303011,,,tests performed,1008025,1008025,,,19.1,24.6,2.77
USA,2020/12/24,18742803,193161,335248,2886,0.94,22623,120200,,,1831135,242134146,,,tests performed,,,,,19.1,24.6,2.77
USA,2020/12/25,18839532,96729,336631,1383,0.93,22418,118948,,,1065563,243199709,,,tests performed,,,,,19.1,24.6,2.77
USA,2020/12/26,19066376,226844,338497,1866,0.96,22373,117344,,,975030,244174739,0.13,7.7,tests performed,1944585,1944585,,,19.1,24.6,2.77
USA,2020/12/27,19222064,155688,339916,1419,0.97,22447,118720,1134,23403,929644,245104383,,,tests performed,,,,,19.1,24.6,2.77
USA,2020/12/28,19396237,174173,341944,2028,0.99,22579,121202,,,1248018,246352401,,,tests performed,2127143,2127143,,,19.1,24.6,2.77
USA,2020/12/29,19595117,198880,345582,3638,1.02,22838,124686,,,1804769,248157170,,,tests performed,,,,,19.1,24.6,2.77
USA,2020/12/30,19827133,232016,349326,3744,1.05,23069,125220,,,2150845,250308015,,,tests performed,2794588,2794588,,,19.1,24.6,2.77
USA,2020/12/31,20061049,233916,352752,3426,1.06,23097,125423,,,1878454,252186469,,,tests performed,,,,,19.1,24.6,2.77
USA,2021/1/1,20213393,152344,354862,2110,1.06,23255,125047,,,1208602,253395071,,,tests performed,,,,,19.1,24.6,2.77
USA,2021/1/2,20513675,300282,357281,2419,1.09,23133,123614,,,1068257,254463328,0.154,6.5,tests performed,4225756,4225756,,,19.1,24.6,2.77
USA,2021/1/3,20722231,208556,358645,1364,1.08,23243,125562,1269,28673,1000360,255463688,,,tests performed,,,,,19.1,24.6,2.77
USA,2021/1/4,20906021,183790,360708,2063,1.08,23435,128210,,,1321454,256785142,0.146,6.8,tests performed,4563260,4563260,,,19.1,24.6,2.77
USA,2021/1/5,21139547,233526,364312,3604,1.09,23509,131195,,,1842302,258627444,,,tests performed,4836469,4836469,,273209,19.1,24.6,2.77
USA,2021/1/6,21393464,253917,368160,3848,1.11,23708,132474,,,2192115,260819559,,,tests performed,5306797,5306797,,470328,19.1,24.6,2.77
USA,2021/1/7,21670202,276738,372065,3905,1.11,23821,132370,,,2132510,262952069,,,tests performed,5919418,5919418,,612621,19.1,24.6,2.77
USA,2021/1/8,21962246,292044,376073,4008,1.1,23912,131921,,,2036598,264988667,,,tests performed,6688231,6688231,,768813,19.1,24.6,2.77
USA,2021/1/9,22224220,261974,379318,3245,1.06,23718,130781,,,1645522,266634189,,,tests performed,,,,,19.1,24.6,2.77
USA,2021/1/10,22437501,213281,381219,1901,1.03,23640,129223,1273,33902,1112960,267747149,,,tests performed,,,,,19.1,24.6,2.77
USA,2021/1/11,22651464,213963,383241,2022,1.01,23501,129793,,,1432253,269179402,0.12,8.3,tests performed,8987322,8987322,,,19.1,24.6,2.77
USA,2021/1/12,22877702,226238,387642,4401,0.99,23881,131326,,,1895022,271074424,,,tests performed,9327138,9327138,,339816,19.1,24.6,2.77
USA,2021/1/13,23107573,229871,391601,3959,0.98,23857,130391,,,1966794,273041218,,,tests performed,10278462,,,951324,19.1,24.6,2.77
USA,2021/1/14,23342548,234975,395506,3905,0.96,23891,128947,,,1962830,275004048,,,tests performed,11148991,9690757,1342086,870529,19.1,24.6,2.77
USA,2021/1/15,23583255,240707,399312,3806,0.94,23593,127235,,,1914468,276918516,,,tests performed,12279180,10595866,1610524,1130189,19.1,24.6,2.77
USA,2021/1/16,23784019,200764,402658,3346,0.91,23524,126139,,,1508547,278427063,,,tests performed,,,,,19.1,24.6,2.77
USA,2021/1/17,23961423,177404,404447,1789,0.88,23432,124387,1158,27012,1033703,279460766,,,tests performed,,,,,19.1,24.6,2.77
USA,2021/1/18,24104028,142605,405871,1424,0.86,23226,123848,,,1202035,280662801,0.112,8.9,tests performed,,,,,19.1,24.6,2.77
USA,2021/1/19,24281012,176984,408569,2698,0.86,23029,123820,,,1712790,282375591,,,tests performed,15707588,13595803,2023124,,19.1,24.6,2.77
USA,2021/1/20,24463591,182579,412902,4333,0.87,22809,122700,,,2044350,284419941,,,tests performed,16525281,14270441,2161419,817693,19.1,24.6,2.77
USA,2021/1/21,24656646,193055,417032,4130,0.87,22309,119949,,,2010138,286430079,,,tests performed,17546374,15053257,2394961,1021093,19.1,24.6,2.77
USA,2021/1/22,24846678,190032,420788,3756,0.87,22008,116264,,,1943676,288373755,,,tests performed,19107959,16243093,2756953,1561585,19.1,24.6,2.77
USA,2021/1/23,25016816,170138,424071,3283,0.85,21657,113609,,,1546195,289919950,,,tests performed,20537990,17390345,3027865,1430031,19.1,24.6,2.77
USA,2021/1/24,25147891,131075,425892,1821,0.84,21168,110628,1067,28089,1021499,290941449,,,tests performed,21848655,18502131,3216836,1310665,19.1,24.6,2.77
USA,2021/1/25,25298986,151095,427825,1933,0.84,20875,109936,,,1253762,292195211,0.097,10.3,tests performed,22734243,19252279,3346390,885588,19.1,24.6,2.77
USA,2021/1/26,25445583,146597,431816,3991,0.84,20573,108960,,,1797395,293992606,,,tests performed,23540994,19902237,3481921,806751,19.1,24.6,2.77
USA,2021/1/27,25598061,152478,435729,3913,0.85,20497,107444,,,2047719,296040325,,,tests performed,24652634,20687970,3801053,1111640,19.1,24.6,2.77
USA,2021/1/28,25766681,168620,439700,3971,0.86,20113,104303,,,1872531,297912856,,,tests performed,26193682,21698606,4263056,1541048,19.1,24.6,2.77
USA,2021/1/29,25932794,166113,443271,3571,0.85,19609,101003,,,1786891,299699747,,,tests performed,27884661,22858318,4780888,1690979,19.1,24.6,2.77
USA,2021/1/30,26074885,142091,445983,2712,0.83,19130,97561,,,1407713,301107460,,,tests performed,29577902,24064165,5259693,1693241,19.1,24.6,2.77
USA,2021/1/31,26186781,111896,447772,1789,0.81,18968,95013,1003,22007,942151,302049611,,,tests performed,31123299,25201143,5657142,1545397,19.1,24.6,2.77
USA,2021/2/1,26321120,134339,449786,2014,0.81,18572,93536,,,1005624,303055235,,,tests performed,32222402,26023153,5927847,1099103,19.1,24.6,2.77
USA,2021/2/2,26435557,114437,453217,3431,0.8,18388,92880,,,1545764,304600999,,,tests performed,32780860,26440836,6064792,558458,19.1,24.6,2.77
USA,2021/2/3,26557026,121469,457043,3826,0.8,18147,91440,,,1744127,306345126,,,tests performed,33878254,27154956,6436931,1097394,19.1,24.6,2.77
USA,2021/2/4,26680214,123188,460763,3720,0.8,17918,88668,,,1728220,308073346,,,tests performed,35203710,27905197,6926050,1325456,19.1,24.6,2.77
USA,2021/2/5,26813772,133558,464344,3581,0.8,17284,86373,,,1579332,309652678,,,tests performed,36819212,28909497,7503864,1615502,19.1,24.6,2.77
USA,2021/2/6,26917787,104015,466890,2546,0.78,17093,84233,,,1079351,310732029,,,tests performed,39037964,30250964,8317180,2218752,19.1,24.6,2.77
USA,2021/2/7,27007368,89581,468204,1314,0.77,16616,81439,845,19354,570167,311302196,,,tests performed,41210937,31579100,9147185,2172973,19.1,24.6,2.77
USA,2021/2/8,27097095,89727,469786,1582,0.77,16174,80055,,,594503,311896699,,,tests performed,42417617,32340146,9518015,1206680,19.1,24.6,2.77
USA,2021/2/9,27192455,95360,472818,3032,0.77,16129,79179,,,542197,312438896,,,tests performed,43206190,32867213,9840429,788573,19.1,24.6,2.77
USA,2021/2/10,27287159,94704,476100,3282,0.78,15788,76979,,,,,,,,44769970,33783384,10469514,1563780,19.1,24.6,2.77
USA,2021/2/11,27392512,105353,479257,3157,0.78,15190,74225,,,,,,,,46390270,34723964,11188782,1620300,19.1,24.6,2.77
USA,2021/2/12,27492023,99511,482142,2885,0.78,,,,,,,,,,48410558,35834855,12085830,2020288,19.1,24.6,2.77
USA,2021/2/13,27575344,83321,484301,2159,0.76,,,,,,,,,,50641884,37056122,13082172,2231326,19.1,24.6,2.77
USA,2021/2/14,27640282,64938,485384,1083,0.75,,,,,,,,,,52884356,38292270,14077440,2242472,19.1,24.6,2.77
USA,2021/2/15,27694226,53944,486325,941,,,,,,,,,,,,,,,19.1,24.6,2.77
USA,2021/2/16,27756624,62398,488081,1756,,,,,,,,,,,55220364,39670551,15015434,,19.1,24.6,2.77
